#{"t_start": 1613729833.6897538, "env_id": "MinitaurBulletEnv-v0"}
r,l,t
-0.632397,281,33.904675
-2.369875,1000,251.478623
