#{"t_start": 1613729834.5867515, "env_id": "MinitaurBulletEnv-v0"}
r,l,t
-1.880709,690,70.727214
-2.791145,1000,304.213084
