#{"t_start": 1613729835.26575, "env_id": "MinitaurBulletEnv-v0"}
r,l,t
-2.200372,926,99.169586
-1.991494,1000,329.463086
