#{"t_start": 1613729835.5617533, "env_id": "MinitaurBulletEnv-v0"}
r,l,t
-1.876448,1000,106.576363
-1.443889,989,341.651039
